Run,A,B,n,CE_o,CE_L,learn_BN,fitted_at_learn_BN,IPA
slp_0.84_64_run_0.txt,0.3194268057749722,8.13573476055468,0.6192161446697173,2.302585092994046,0.5177426344968794,402.0,0.5176478843906758,0.004439906613177031
slp_0.84_64_run_1.txt,0.3367286821945651,8.401657833075337,0.6494164687331525,2.302585092994046,0.5333143232745132,324.0,0.5331128932197969,0.00546071225222078
slp_0.84_64_run_10.txt,0.3460487619991156,9.398741872942152,0.6562363091571016,2.302585092994046,0.5417023950986084,365.0,0.541401884005435,0.004824336158617637
slp_0.84_64_run_11.txt,0.3235570805801387,8.209673592644574,0.6453491652238609,2.302585092994046,0.5214598818215292,321.0,0.5212008814174518,0.005548676670319367
slp_0.84_64_run_12.txt,0.3161884602407199,7.040596341370997,0.5737536245420671,2.302585092994046,0.5148281235160526,502.0,0.5146036982254985,0.003561268863501979
slp_0.84_64_run_13.txt,0.296271228905824,7.444774222948203,0.5985852534690929,2.302585092994046,0.4969026153146461,418.0,0.4968259481895142,0.004319814539902871
slp_0.84_64_run_14.txt,0.4086447215670723,9.440096326518766,0.6976839127081651,2.302585092994046,0.5980387587097697,271.0,0.5976251664893472,0.006289838871897698
slp_0.84_64_run_15.txt,0.2639862102007373,6.711032436848729,0.5640671444953735,2.302585092994046,0.4678460984800681,490.0,0.46761476784960454,0.0037443652949264855
slp_0.84_64_run_16.txt,0.3456252934699217,7.905043667284117,0.6209179989552289,2.302585092994046,0.541321273422334,386.0,0.5411258324425676,0.004562859636196145
slp_0.84_64_run_17.txt,0.3145970836399209,6.863577924403175,0.5805749371956304,2.302585092994046,0.5133958845753333,445.0,0.5133956048541857,0.004020649906558905
slp_0.84_64_run_18.txt,0.24444125473567,6.781354452340905,0.549207921622038,2.302585092994046,0.4502556385615075,580.0,0.4501292835996247,0.003193671473159549
slp_0.84_64_run_19.txt,0.3523274942433366,8.428861541608267,0.6493615444490258,2.302585092994046,0.5473532541184074,330.0,0.5470829004555271,0.005318884360229208
slp_0.84_64_run_2.txt,0.3530644944580309,7.914109675423941,0.6268769059923645,2.302585092994046,0.5480165543116322,368.0,0.5476867576478455,0.004767849289897863
slp_0.84_64_run_20.txt,0.3287109555436223,8.054817579492223,0.6243302652438033,2.302585092994046,0.5260983692886647,380.0,0.5258198102956607,0.004674965062382582
slp_0.84_64_run_21.txt,0.3516824040584684,8.173698755013614,0.6188179434083282,2.302585092994046,0.5467726729520259,418.0,0.5465526524380043,0.004200508181918708
slp_0.84_64_run_22.txt,0.3354907839407304,9.454911661084974,0.6878790494350002,2.302585092994046,0.5322002148460618,278.0,0.5319975827624822,0.00636829092858987
slp_0.84_64_run_23.txt,0.3281065287121698,8.671871793062113,0.6552960194151033,2.302585092994046,0.5255543851403575,321.0,0.525223890773794,0.005535921208266942
slp_0.84_64_run_24.txt,0.3445956166873329,9.055535803787873,0.668556124281789,2.302585092994046,0.5403945643180041,309.0,0.5401641748027637,0.005702881969825378
slp_0.84_64_run_25.txt,0.3862432554202225,9.092421073972568,0.7092135070079377,2.302585092994046,0.5778774391776047,230.0,0.5778337675966031,0.007498728929636701
slp_0.84_64_run_26.txt,0.3075502202523879,7.816747402179969,0.6128164160263907,2.302585092994046,0.5070537075265535,397.0,0.5069731313663167,0.004522749081782096
slp_0.84_64_run_27.txt,0.3544515359363377,8.095637821508516,0.629202066467355,2.302585092994046,0.5492648916421083,373.0,0.5491645331107726,0.0047005903521499665
slp_0.84_64_run_28.txt,0.3451499318360369,8.134332207125283,0.6562897743433647,2.302585092994046,0.5408934479518377,292.0,0.5407377991482372,0.006033190565213042
slp_0.84_64_run_29.txt,0.3481031811058877,9.428486960224191,0.689957523621006,2.302585092994046,0.5435513722947034,275.0,0.5432306535984007,0.006396486257088518
slp_0.84_64_run_3.txt,0.331857067817779,9.007848513724491,0.679398299934834,2.302585092994046,0.5289298703354057,277.0,0.528709685678268,0.006403087446421083
slp_0.84_64_run_30.txt,0.3734808972607006,12.095429520758485,0.7462400923664367,2.302585092994046,0.5663913168340351,256.0,0.5658930854747046,0.006782006938125042
slp_0.84_64_run_31.txt,0.3174888670291622,8.128079227277263,0.6253869666773597,2.302585092994046,0.5159984896256506,378.0,0.5157970222569785,0.004726419585630675
slp_0.84_64_run_32.txt,0.273613891556693,7.378256760516955,0.5947532762664416,2.302585092994046,0.4765110117004283,420.0,0.4764537926408946,0.00434779543165147
slp_0.84_64_run_33.txt,0.3282266479516542,7.9207439820555,0.6488632710401118,2.302585092994046,0.5256624924558935,295.0,0.5255759308796172,0.006023466442502212
slp_0.84_64_run_34.txt,0.3080216111630039,7.788900498102991,0.5992974286809625,2.302585092994046,0.5074779593461081,452.0,0.5074024106151322,0.003971475959398093
slp_0.84_64_run_35.txt,0.3589159465817249,8.22942464818366,0.641067528125764,2.302585092994046,0.553282861222957,344.0,0.5532084566231144,0.0050851809063113046
slp_0.84_64_run_36.txt,0.3491682843958031,8.032223156156427,0.6483687421669877,2.302585092994046,0.5445099652556273,308.0,0.5443434328867467,0.00570803612902084
slp_0.84_64_run_37.txt,0.3098317304651355,7.340734021045514,0.5992207387132925,2.302585092994046,0.5091070667180264,411.0,0.5088252104452335,0.004363693494588855
slp_0.84_64_run_38.txt,0.3360218736676869,6.952542253245264,0.5925884473586781,2.302585092994046,0.5326781956003226,410.0,0.532453390407627,0.004316846091204203
slp_0.84_64_run_39.txt,0.3300027744284389,7.610707594427946,0.5917555515553241,2.302585092994046,0.5272610062849996,479.0,0.5271477210055029,0.0037063133334218085
slp_0.84_64_run_4.txt,0.3367434481876482,9.989898883447978,0.7068633534060144,2.302585092994046,0.5333276126682878,259.0,0.5328557934024787,0.006831109962647715
slp_0.84_64_run_40.txt,0.3459408496545973,8.238423430234787,0.6396787577219487,2.302585092994046,0.5416052739885422,346.0,0.5413069946445632,0.005089537049148855
slp_0.84_64_run_41.txt,0.3919370184601959,8.043334427256744,0.6406632421021381,2.302585092994046,0.583001825913581,342.0,0.5829955236724318,0.005028021248773289
slp_0.84_64_run_42.txt,0.3055411072386566,6.90756829534328,0.5770473489950497,2.302585092994046,0.5052455058141954,464.0,0.5051034218611521,0.0038735766965082986
slp_0.84_64_run_43.txt,0.2852470245301489,7.38910836216744,0.5880334059668515,2.302585092994046,0.4869808313765387,456.0,0.4868386343151,0.003981588293020849
slp_0.84_64_run_44.txt,0.3864380260150047,13.440884324098567,0.7785156834679897,2.302585092994046,0.5780527327129088,235.0,0.577457934934075,0.007338435575664413
slp_0.84_64_run_45.txt,0.3650020525860411,8.306771628305343,0.6612868850016381,2.302585092994046,0.5587603566268415,293.0,0.5587096050129952,0.005951620260638923
slp_0.84_64_run_46.txt,0.3234387237800056,8.428862742152043,0.6403783124687648,2.302585092994046,0.5213533607014096,350.0,0.521048991150372,0.005089233520836104
slp_0.84_64_run_47.txt,0.3850131882192092,15.617309588028592,0.8040172190648777,2.302585092994046,0.5767703786966929,238.0,0.5761451658409087,0.007251322328980475
slp_0.84_64_run_48.txt,0.3124624010140193,7.723982369674365,0.6233673489638973,2.302585092994046,0.5114746702120219,353.0,0.5114728446609627,0.00507396720334851
slp_0.84_64_run_49.txt,0.3073883667613455,8.133485139091956,0.6267554090775864,2.302585092994046,0.5069080393846155,370.0,0.5068721893271566,0.004853181225971433
slp_0.84_64_run_5.txt,0.3025042748527252,7.765131620656507,0.6036022785694621,2.302585092994046,0.5025123566668575,429.0,0.50229773171129,0.00419597374435242
slp_0.84_64_run_50.txt,0.3281249480720776,8.06680105989116,0.6406264686450247,2.302585092994046,0.5255709625642744,327.0,0.5253517672685064,0.005434293976849454
slp_0.84_64_run_51.txt,0.2892456748268848,7.745110814516454,0.6049453446252347,2.302585092994046,0.49057961664360095,417.0,0.4903212162539736,0.004345336873742074
slp_0.84_64_run_52.txt,0.3299738986091445,9.169787766411307,0.6677482190434838,2.302585092994046,0.5272350180476346,313.0,0.5272338666917864,0.005672044967879908
slp_0.84_64_run_53.txt,0.3507992439625481,7.699526676222645,0.6223495115847475,2.302585092994046,0.5459778288656978,366.0,0.5459388192962542,0.004799473399257782
slp_0.84_64_run_54.txt,0.3139588732234479,8.575196317052502,0.6533404094470434,2.302585092994046,0.5128214952005077,317.0,0.5127089532549294,0.005645941948875515
slp_0.84_64_run_55.txt,0.3081186510668336,7.578144951561006,0.6169387819507555,2.302585092994046,0.5075652952595548,363.0,0.5074245440653327,0.0049449581204806916
slp_0.84_64_run_56.txt,0.3462822618549558,7.51698890474789,0.6109964832396908,2.302585092994046,0.5419125449688649,392.0,0.5416618477542648,0.004491511602105053
slp_0.84_64_run_57.txt,0.3323843286654871,8.645578493706118,0.6523279291043002,2.302585092994046,0.5294044050983429,329.0,0.5291263256635412,0.005389606954090282
slp_0.84_64_run_58.txt,0.3352633799808092,8.303528376206849,0.6466928678165909,2.302585092994046,0.5319955512821328,326.0,0.5316548300182731,0.005431256262919979
slp_0.84_64_run_59.txt,0.3366905526081225,7.754059770675504,0.6082992412289712,2.302585092994046,0.5332800066467149,420.0,0.5331081239063353,0.004212631157969836
slp_0.84_64_run_6.txt,0.2440979122290337,6.480974702015696,0.5597468173381941,2.302585092994046,0.44994663030553483,474.0,0.449862008571068,0.003908519963477871
slp_0.84_64_run_60.txt,0.3201336790451474,8.218348645046781,0.6295578582316409,2.302585092994046,0.5183788204400372,371.0,0.5180488353022143,0.004809181327638837
slp_0.84_64_run_61.txt,0.3081073282473915,8.534502807519162,0.6443056146683036,2.302585092994046,0.507555104722057,340.0,0.5073169719152755,0.00527949996550585
slp_0.84_64_run_62.txt,0.3242064993666,8.197526621623542,0.6256988382666511,2.302585092994046,0.5220443587293446,384.0,0.5218866488878908,0.0046368248288143265
slp_0.84_64_run_7.txt,0.3162611445275771,8.753102747822371,0.6574384985179632,2.302585092994046,0.514893539374224,316.0,0.5148109109017882,0.005657251751961462
slp_0.84_64_run_8.txt,0.3265991295433528,8.430672424271702,0.6432064597925377,2.302585092994046,0.5241977258884221,342.0,0.5239071137005181,0.005199963061712351
slp_0.84_64_run_9.txt,0.3419219464977083,8.163414863100183,0.6368636954722563,2.302585092994046,0.5379882611473421,349.0,0.53764739258557,0.005056151380649581
